{
    "duracionDelDia": 3,
    "diasEntreDespachos": 15,
    "productoresDePatasCantidadInicial": 1,
    "productoresDePatasCantidadMaxima": 4,
    "productoresDePatasCapacidadMaximaDelAlmacen": 34,
    "productoresDeTornillosCantidadInicial": 1,
    "productoresDeTornillosCantidadMaxima": 3,
    "productoresDeTornillosCapacidadMaximaDelAlmacen": 300,
    "productoresDeTablasCantidadInicial": 1,
    "productoresDeTablasCantidadMaxima": 4,
    "productoresDeTablasCapacidadMaximaDelAlmacen": 12,
    "ensambladoresCantidadInicial": 1,
    "ensambladoresCantidadMaxima": 3
}